{
  "mae": [
    3.501039743423462,
    6.61937141418457,
    2.6235713958740234,
    7.430253028869629,
    5.2954607009887695,
    1.690444659252499e-14,
    7.7498321533203125,
    5.066843509674072,
    6.93732213973999,
    4.675180435180664,
    13.578164100646973,
    29.311830520629883,
    4.72634744644165,
    11.074214935302734,
    4.6433000564575195,
    7.710626602172852,
    8.861949920654297,
    4.98421049118042,
    12.428829193115234,
    5.6078200340271,
    6.954459190368652
  ],
  "rmse": [
    5.25001335144043,
    10.946308135986328,
    3.924684762954712,
    13.39615249633789,
    7.998435974121094,
    2.542174912419093e-14,
    11.244410514831543,
    7.523791313171387,
    10.37454891204834,
    6.924627304077148,
    20.12213134765625,
    38.48738479614258,
    6.921686172485352,
    17.307876586914062,
    6.777027606964111,
    12.245071411132812,
    14.473766326904297,
    7.669194221496582,
    18.421253204345703,
    9.36825942993164,
    10.809382438659668
  ],
  "mape": [
    74.3772964477539,
    33.051971435546875,
    59.73685073852539,
    78.10905456542969,
    39.54226303100586,
    NaN,
    56.814239501953125,
    57.58633804321289,
    104.63233184814453,
    60.22039794921875,
    35.95161056518555,
    33.357582092285156,
    40.438804626464844,
    66.8344497680664,
    24.06852149963379,
    60.498661041259766,
    78.44893646240234,
    40.75523376464844,
    33.72386932373047,
    31.475303649902344,
    36.016849517822266
  ],
  "pcc": [
    0.8658201851518711,
    0.9522777453483033,
    0.8883522172820119,
    0.9404793536568643,
    0.9349187717903793,
    NaN,
    0.931005755708677,
    0.9190452365547519,
    0.8645629658555967,
    0.8759297724880857,
    0.9717048300049773,
    0.9785328756494813,
    0.9695884878395612,
    0.8791355117188822,
    0.9671337163221736,
    0.7948492888758143,
    0.8911848144574191,
    0.9549226934389776,
    0.9847254667548848,
    0.9224393530465845,
    0.9209396835816497
  ],
  "mae_mean": 7.608601093292236,
  "rmse_mean": 11.43742847442627,
  "mape_mean": 52.28202438354492,
  "pcc_mean": NaN,
  "rmse_global": 13.778213500976562,
  "pcc_global": 0.9786999832703925,
  "peak_intensity_error": [
    -2.3990440368652344,
    -11.234649658203125,
    -8.987966537475586,
    -50.230438232421875,
    -6.9427642822265625,
    6.06211858055622e-14,
    -14.716156005859375,
    -15.68496322631836,
    -7.971397399902344,
    8.022663116455078,
    -15.03192138671875,
    -59.028076171875,
    -20.441741943359375,
    4.121971130371094,
    -6.254608154296875,
    -16.24661636352539,
    14.661178588867188,
    9.763099670410156,
    -32.543121337890625,
    -13.606399536132812,
    -19.460609436035156
  ],
  "peak_week_error": [
    0.0,
    1.0,
    1.0,
    1.0,
    0.0,
    12.0,
    -1.0,
    4.0,
    1.0,
    -1.0,
    0.0,
    0.0,
    1.0,
    -5.0,
    0.0,
    1.0,
    1.0,
    1.0,
    0.0,
    0.0,
    0.0
  ],
  "n_weeks": 33.0,
  "n_regions": 21.0
}