{
  "model": "ColaGNN",
  "dataset": "us",
  "variant": "tuned",
  "n_seeds": 11,
  "seeds": [
    42,
    123,
    456,
    777,
    1,
    2,
    3,
    4,
    5,
    6,
    7
  ],
  "ensemble": {
    "mae_mean": 89.11042022705078,
    "rmse_mean": 151.17701721191406,
    "mape_mean": 44.35041809082031,
    "pcc_mean": 0.9468172192573547,
    "rmse_global": 221.03164672851562,
    "pcc_global": 0.9688130617141724
  },
  "loo_std": {
    "mae_std": 1.068805777028895,
    "rmse_std": 2.174445545244831,
    "pcc_std": 0.0008770808525695465
  },
  "per_seed_mae": [
    116.31849670410156,
    74.64966583251953,
    81.96017456054688,
    128.07675170898438,
    112.2693862915039,
    86.38070678710938,
    89.4954605102539,
    99.00401306152344,
    82.11714172363281,
    90.99137115478516,
    125.94164276123047
  ],
  "per_seed_rmse": [
    191.7556610107422,
    131.305908203125,
    144.6800079345703,
    223.70155334472656,
    198.50621032714844,
    148.83946228027344,
    151.5144500732422,
    164.04493713378906,
    141.5945281982422,
    160.7511444091797,
    184.5251007080078
  ],
  "per_seed_pcc": [
    0.9272338151931763,
    0.9515488743782043,
    0.937399685382843,
    0.8111869096755981,
    0.9371162056922913,
    0.9482222199440002,
    0.9436424374580383,
    0.9510563611984253,
    0.9500969052314758,
    0.9349250197410583,
    0.894067645072937
  ]
}