{
  "mae": [
    3.597734212875366,
    6.965656280517578,
    2.5305092334747314,
    8.032529830932617,
    5.349942207336426,
    8.178165786178367e-15,
    7.7671427726745605,
    5.448877334594727,
    7.316931247711182,
    4.281726360321045,
    16.72260093688965,
    39.06211853027344,
    5.800065517425537,
    10.59322738647461,
    4.003720283508301,
    7.495112419128418,
    8.280420303344727,
    4.332980632781982,
    16.712953567504883,
    6.012624263763428,
    6.754100799560547
  ],
  "rmse": [
    5.747494220733643,
    11.927001953125,
    4.008343696594238,
    14.573114395141602,
    8.331666946411133,
    9.9617622161788e-15,
    10.79736614227295,
    7.975253582000732,
    11.256807327270508,
    6.759950637817383,
    24.78846549987793,
    55.534202575683594,
    8.837178230285645,
    15.841877937316895,
    7.686609268188477,
    11.289651870727539,
    14.033348083496094,
    7.130640983581543,
    23.790468215942383,
    8.850475311279297,
    11.278918266296387
  ],
  "mape": [
    72.10333251953125,
    32.492061614990234,
    54.896724700927734,
    69.60901641845703,
    37.31035614013672,
    NaN,
    53.58354187011719,
    51.013362884521484,
    100.03237915039062,
    50.04744338989258,
    38.91511917114258,
    33.35421371459961,
    44.330169677734375,
    102.09928894042969,
    20.43029022216797,
    56.9211311340332,
    57.584449768066406,
    35.30558776855469,
    39.14500045776367,
    32.647438049316406,
    31.519968032836914
  ],
  "pcc": [
    0.8368989423715386,
    0.9517498057559708,
    0.8988017324970385,
    0.9412484519185981,
    0.9285449186148226,
    NaN,
    0.9445958012583101,
    0.9149656541281925,
    0.8390972903045394,
    0.859665619241154,
    0.9509841835601089,
    0.9658986318351562,
    0.9524371083087362,
    0.9026959328298464,
    0.9599539474254262,
    0.8305157466644056,
    0.8751773979319041,
    0.9375324885901385,
    0.9799568994898016,
    0.9257872875617028,
    0.9167533681071788
  ],
  "mae_mean": 8.431474685668945,
  "rmse_mean": 12.878040313720703,
  "mape_mean": 50.66704559326172,
  "pcc_mean": NaN,
  "rmse_global": 16.986234664916992,
  "pcc_global": 0.9718640877264487,
  "peak_intensity_error": [
    -3.178546905517578,
    -15.575836181640625,
    -8.563163757324219,
    -49.706092834472656,
    -7.307044982910156,
    2.6467412991642257e-14,
    -18.618980407714844,
    -13.978717803955078,
    -8.64776611328125,
    1.6171073913574219,
    -29.193603515625,
    -97.72247314453125,
    -15.867584228515625,
    7.0144195556640625,
    -9.405693054199219,
    -22.379600524902344,
    0.7336807250976562,
    2.7107391357421875,
    -41.38053894042969,
    -9.041252136230469,
    -17.795326232910156
  ],
  "peak_week_error": [
    0.0,
    1.0,
    1.0,
    1.0,
    0.0,
    22.0,
    -1.0,
    0.0,
    1.0,
    -1.0,
    0.0,
    0.0,
    1.0,
    -1.0,
    0.0,
    1.0,
    1.0,
    1.0,
    0.0,
    1.0,
    1.0
  ],
  "n_weeks": 33.0,
  "n_regions": 21.0
}