{
  "model": "ColaGNN",
  "dataset": "sweden",
  "variant": "tuned",
  "n_seeds": 11,
  "seeds": [
    42,
    123,
    456,
    777,
    1,
    2,
    3,
    4,
    5,
    6,
    7
  ],
  "ensemble": {
    "mae_mean": 7.957073211669922,
    "rmse_mean": 12.41687297821045,
    "mape_mean": 46.99114227294922,
    "pcc_mean": 0.9232918620109558,
    "rmse_global": 16.29851722717285,
    "pcc_global": 0.9764076471328735
  },
  "loo_std": {
    "mae_std": 0.0351421792474435,
    "rmse_std": 0.06696450629016266,
    "pcc_std": 0.00036146753432982293
  },
  "per_seed_mae": [
    8.134913444519043,
    8.872865676879883,
    8.337446212768555,
    8.372077941894531,
    8.262495040893555,
    8.707070350646973,
    9.132627487182617,
    8.62746524810791,
    8.119063377380371,
    7.632231712341309,
    8.347753524780273
  ],
  "per_seed_rmse": [
    12.48412036895752,
    13.692002296447754,
    12.728989601135254,
    12.845242500305176,
    13.009842872619629,
    13.590970993041992,
    13.568944931030273,
    13.333247184753418,
    12.398948669433594,
    11.719746589660645,
    12.819690704345703
  ],
  "per_seed_pcc": [
    0.9165278673171997,
    0.9180580377578735,
    0.9248260259628296,
    0.9205365180969238,
    0.9185335040092468,
    0.9125518798828125,
    0.9191126823425293,
    0.919293224811554,
    0.9249995350837708,
    0.9199453592300415,
    0.9158084988594055
  ]
}