{
  "mae": [
    3.2590339183807373,
    7.2485809326171875,
    2.737360954284668,
    9.30861759185791,
    5.749588966369629,
    4.0453641345496e-15,
    8.904571533203125,
    5.834422588348389,
    6.673072814941406,
    3.9618332386016846,
    14.661958694458008,
    42.96786117553711,
    5.372495174407959,
    8.27326774597168,
    4.954994201660156,
    8.118343353271484,
    8.002453804016113,
    3.955775499343872,
    18.880531311035156,
    5.867505073547363,
    7.479129314422607
  ],
  "rmse": [
    5.3832221031188965,
    12.78486442565918,
    4.289307594299316,
    16.8349552154541,
    8.852460861206055,
    6.525457545868878e-15,
    12.722864151000977,
    8.983588218688965,
    11.014297485351562,
    6.396641731262207,
    20.9007511138916,
    59.45138168334961,
    8.508230209350586,
    11.869831085205078,
    8.088006973266602,
    12.302336692810059,
    13.71522045135498,
    6.658795356750488,
    27.941682815551758,
    8.884912490844727,
    11.793560981750488
  ],
  "mape": [
    59.266929626464844,
    35.66806411743164,
    51.84019470214844,
    68.42610931396484,
    45.62386703491211,
    NaN,
    52.2579460144043,
    54.98816680908203,
    92.90345001220703,
    51.75827407836914,
    34.53677749633789,
    37.96321105957031,
    38.477020263671875,
    52.94676208496094,
    27.773283004760742,
    55.025875091552734,
    58.312400817871094,
    46.757789611816406,
    28.97269058227539,
    37.355892181396484,
    38.44007873535156
  ],
  "pcc": [
    0.8554391056267108,
    0.9647989865039571,
    0.9079567348864738,
    0.9498577586141513,
    0.9218661006465156,
    NaN,
    0.9345155346365754,
    0.9104143695629603,
    0.8506238387666054,
    0.8804092776750552,
    0.9655638325241326,
    0.9651095048185707,
    0.9625310348970787,
    0.8929598295499899,
    0.9626948747688978,
    0.8017860280914849,
    0.883601001939729,
    0.9486196342188871,
    0.9820309945567955,
    0.9260984599804903,
    0.925668674802367
  ],
  "mae_mean": 8.67673397064209,
  "rmse_mean": 13.20842456817627,
  "mape_mean": 48.46474075317383,
  "pcc_mean": NaN,
  "rmse_global": 17.741514205932617,
  "pcc_global": 0.9730347956939729,
  "peak_intensity_error": [
    -4.971160888671875,
    -24.51380157470703,
    -10.307842254638672,
    -61.109580993652344,
    -10.728538513183594,
    2.4342596962136955e-14,
    -20.644752502441406,
    -19.332096099853516,
    -14.002235412597656,
    3.5545692443847656,
    -36.01875305175781,
    -122.21194458007812,
    -25.352569580078125,
    -18.54094696044922,
    -12.602432250976562,
    -26.473777770996094,
    3.36517333984375,
    4.1730804443359375,
    -58.18705749511719,
    -13.875022888183594,
    -24.660125732421875
  ],
  "peak_week_error": [
    0.0,
    1.0,
    1.0,
    1.0,
    0.0,
    12.0,
    -1.0,
    -1.0,
    1.0,
    -1.0,
    0.0,
    0.0,
    1.0,
    -10.0,
    0.0,
    -6.0,
    1.0,
    1.0,
    0.0,
    1.0,
    0.0
  ],
  "n_weeks": 33.0,
  "n_regions": 21.0
}