{
  "model": "EpiGNN",
  "dataset": "sweden",
  "variant": "tuned",
  "n_seeds": 11,
  "seeds": [
    42,
    123,
    456,
    777,
    1,
    2,
    3,
    4,
    5,
    6,
    7
  ],
  "ensemble": {
    "mae_mean": 8.49941349029541,
    "rmse_mean": 13.104084968566895,
    "mape_mean": 52.5119743347168,
    "pcc_mean": 0.9145060777664185,
    "rmse_global": 17.23960304260254,
    "pcc_global": 0.9752171635627747
  },
  "loo_std": {
    "mae_std": 0.02764539244201749,
    "rmse_std": 0.05249340428001594,
    "pcc_std": 0.00034911448020619385
  },
  "per_seed_mae": [
    9.025626182556152,
    10.047552108764648,
    8.868997573852539,
    9.325651168823242,
    9.138511657714844,
    8.916357040405273,
    9.109251022338867,
    9.040769577026367,
    8.519630432128906,
    10.0115327835083,
    9.030531883239746
  ],
  "per_seed_rmse": [
    13.674322128295898,
    14.324437141418457,
    13.46740436553955,
    13.391077995300293,
    13.929984092712402,
    13.536943435668945,
    14.0381498336792,
    13.352688789367676,
    12.984455108642578,
    15.015824317932129,
    13.648736953735352
  ],
  "per_seed_pcc": [
    0.9129719734191895,
    0.9068881273269653,
    0.8985985517501831,
    0.9036428332328796,
    0.9034050107002258,
    0.9092720150947571,
    0.8969687223434448,
    0.9094811677932739,
    0.9118058085441589,
    0.9037836194038391,
    0.9114009737968445
  ]
}