{
  "mae": [
    4.485090255737305,
    8.855456352233887,
    2.9145989418029785,
    9.98513412475586,
    6.4459757804870605,
    3.771884131528909e-14,
    9.068495750427246,
    6.167904853820801,
    9.442492485046387,
    6.013288974761963,
    22.8275089263916,
    52.74974822998047,
    9.167561531066895,
    25.252891540527344,
    4.855689525604248,
    10.164505004882812,
    10.35362720489502,
    6.102945804595947,
    22.907575607299805,
    8.771409034729004,
    8.922381401062012
  ],
  "rmse": [
    6.693886756896973,
    12.670766830444336,
    4.429633140563965,
    14.59316635131836,
    9.872554779052734,
    4.2088369193917646e-14,
    12.021463394165039,
    8.928034782409668,
    13.598316192626953,
    8.626517295837402,
    29.597156524658203,
    71.36538696289062,
    12.11734676361084,
    28.19565773010254,
    9.039447784423828,
    14.313292503356934,
    15.481773376464844,
    8.51041030883789,
    32.127220153808594,
    10.786392211914062,
    12.876952171325684
  ],
  "mape": [
    86.03329467773438,
    95.22550201416016,
    72.87776947021484,
    117.30850982666016,
    58.96116638183594,
    NaN,
    85.9699935913086,
    67.73434448242188,
    142.6239776611328,
    61.97553253173828,
    144.01319885253906,
    75.59351348876953,
    156.24575805664062,
    410.5482482910156,
    78.08921813964844,
    103.57511901855469,
    86.37368774414062,
    63.48630905151367,
    139.1213836669922,
    107.7466812133789,
    77.9737319946289
  ],
  "pcc": [
    0.7748868954094845,
    0.9310784094837836,
    0.8443237564294233,
    0.8951725958098359,
    0.899710643571103,
    NaN,
    0.9188237632412197,
    0.8765497282323115,
    0.7649376812053735,
    0.7578331043600762,
    0.9327257928330049,
    0.922415131325562,
    0.9087128628705281,
    0.5055419513262555,
    0.9374631806202968,
    0.7143097531171592,
    0.8498998039206735,
    0.9149789515475012,
    0.9408505123946541,
    0.8997842483228897,
    0.8840603955906575
  ],
  "mae_mean": 11.688298225402832,
  "rmse_mean": 15.992637634277344,
  "mape_mean": 111.57383728027344,
  "pcc_mean": NaN,
  "rmse_global": 21.64960479736328,
  "pcc_global": 0.9460500326144593,
  "peak_intensity_error": [
    -3.4467620849609375,
    -1.6024703979492188,
    -0.8852806091308594,
    8.520927429199219,
    0.5214080810546875,
    5.002421071234782e-14,
    -4.2552642822265625,
    -3.6722030639648438,
    -1.2265777587890625,
    -1.6190872192382812,
    -38.68348693847656,
    -12.36700439453125,
    -12.238372802734375,
    2.5585784912109375,
    -1.9350357055664062,
    4.3297119140625,
    8.971382141113281,
    -14.054073333740234,
    -49.44621276855469,
    2.8400115966796875,
    -4.286712646484375
  ],
  "peak_week_error": [
    0.0,
    1.0,
    1.0,
    1.0,
    1.0,
    17.0,
    1.0,
    4.0,
    1.0,
    11.0,
    1.0,
    1.0,
    1.0,
    -5.0,
    0.0,
    1.0,
    1.0,
    -3.0,
    1.0,
    1.0,
    1.0
  ],
  "n_weeks": 33.0,
  "n_regions": 21.0
}