{
  "mae": [
    4.120069980621338,
    8.010259628295898,
    2.771254301071167,
    7.979802131652832,
    7.052573204040527,
    3.9173118958693576e-14,
    8.233128547668457,
    6.241851329803467,
    8.524246215820312,
    6.046061992645264,
    21.872243881225586,
    45.71595001220703,
    8.28370189666748,
    26.263729095458984,
    6.111652851104736,
    8.555896759033203,
    11.546686172485352,
    7.701471328735352,
    22.327817916870117,
    8.489022254943848,
    8.194130897521973
  ],
  "rmse": [
    5.990304946899414,
    13.20048999786377,
    4.08154296875,
    13.976469993591309,
    9.447663307189941,
    4.711957549401874e-14,
    10.666068077087402,
    8.633844375610352,
    12.366390228271484,
    7.400637149810791,
    30.031208038330078,
    63.33470916748047,
    10.622350692749023,
    30.563730239868164,
    9.906190872192383,
    12.159073829650879,
    16.643842697143555,
    8.761006355285645,
    31.298664093017578,
    9.870651245117188,
    12.569099426269531
  ],
  "mape": [
    92.3425521850586,
    66.3661880493164,
    51.14312744140625,
    107.69930267333984,
    95.6681137084961,
    NaN,
    106.16029357910156,
    71.76166534423828,
    156.0728759765625,
    120.55988311767578,
    141.1190185546875,
    97.02774810791016,
    139.6083984375,
    462.14971923828125,
    118.13445281982422,
    108.25767517089844,
    147.3713836669922,
    143.94790649414062,
    108.49004364013672,
    92.71395874023438,
    75.10962677001953
  ],
  "pcc": [
    0.8208701840402222,
    0.9403770294342981,
    0.8703262055685947,
    0.9062704493327586,
    0.9116958848542388,
    NaN,
    0.9502351625034423,
    0.9040656307051449,
    0.8007430810742178,
    0.8207454827865485,
    0.9321861712731869,
    0.9678946042935359,
    0.9421747283422044,
    0.8967506903189435,
    0.9313908618075154,
    0.8083545670445684,
    0.8268714896268042,
    0.9071626519586641,
    0.9775168037167948,
    0.9101344135587793,
    0.892260990183633
  ],
  "mae_mean": 11.144837379455566,
  "rmse_mean": 15.310663223266602,
  "mape_mean": 125.08518981933594,
  "pcc_mean": NaN,
  "rmse_global": 20.35670280456543,
  "pcc_global": 0.9628619913844056,
  "peak_intensity_error": [
    -5.846580505371094,
    -21.579757690429688,
    -5.655145645141602,
    -27.212135314941406,
    -7.05255126953125,
    1.0948476148039607e-13,
    -14.903739929199219,
    -12.032463073730469,
    -12.904067993164062,
    -3.8576278686523438,
    -45.20887756347656,
    -134.38958740234375,
    -21.208030700683594,
    56.58406066894531,
    -13.765327453613281,
    -23.844074249267578,
    -12.036422729492188,
    -3.496997833251953,
    -58.240509033203125,
    -9.975746154785156,
    -14.660140991210938
  ],
  "peak_week_error": [
    1.0,
    1.0,
    2.0,
    1.0,
    1.0,
    20.0,
    1.0,
    1.0,
    1.0,
    1.0,
    1.0,
    0.0,
    1.0,
    -1.0,
    1.0,
    -3.0,
    1.0,
    1.0,
    1.0,
    1.0,
    1.0
  ],
  "n_weeks": 33.0,
  "n_regions": 21.0
}