{
  "best_val_loss": 0.006478682393208146,
  "best_epoch": 99,
  "config": {
    "lr": 0.005107824187247703,
    "k": 16,
    "hidP": 2,
    "hidA": 32,
    "hidR": 64,
    "n_hidden": 16,
    "n_layer": 2,
    "n": 3,
    "dropout": 0.3252347062512794,
    "weight_decay": 0.0019356618072580046,
    "batch_size": 32,
    "res": 0,
    "s": 2,
    "hw": 1
  }
}