{
  "mae": [
    3.4527056217193604,
    9.398192405700684,
    3.995656728744507,
    17.466712951660156,
    5.882216453552246,
    2.7751879163847096e-14,
    9.719101905822754,
    7.181406021118164,
    7.60204553604126,
    6.043813228607178,
    22.305360794067383,
    61.022682189941406,
    7.942996025085449,
    19.446918487548828,
    6.269115924835205,
    8.985554695129395,
    10.526264190673828,
    7.6119208335876465,
    28.74675941467285,
    7.608989715576172,
    7.314462184906006
  ],
  "rmse": [
    5.657445430755615,
    15.13784408569336,
    6.3062424659729,
    32.08317565917969,
    8.668334007263184,
    3.386957123725949e-14,
    13.21967601776123,
    11.144970893859863,
    10.924838066101074,
    9.060002326965332,
    31.144149780273438,
    89.93616485595703,
    10.87580680847168,
    24.35774040222168,
    9.322986602783203,
    12.964299201965332,
    16.70516014099121,
    9.835498809814453,
    40.27840042114258,
    10.868609428405762,
    10.309792518615723
  ],
  "mape": [
    54.452823638916016,
    58.27674865722656,
    61.62989807128906,
    102.51233673095703,
    47.162166595458984,
    NaN,
    66.8301773071289,
    45.70467758178711,
    101.82453918457031,
    63.118865966796875,
    83.1092529296875,
    43.46249771118164,
    104.78628540039062,
    243.15797424316406,
    49.380271911621094,
    82.28750610351562,
    79.14964294433594,
    75.60647583007812,
    97.18090057373047,
    66.38451385498047,
    46.78181076049805
  ],
  "pcc": [
    0.8458532831400366,
    0.9580493448317974,
    0.7968918474387771,
    0.3193284452325401,
    0.9243098581431399,
    NaN,
    0.9240313821028285,
    0.8682360078826504,
    0.851721598004459,
    0.7685972292399029,
    0.9318567235443709,
    0.9353358741795956,
    0.9274583470712178,
    0.7616481605472782,
    0.9498296392667976,
    0.7707159257600505,
    0.8602690617354938,
    0.8984739546897681,
    0.9558025615387176,
    0.8919226792086373,
    0.9443185250447581
  ],
  "mae_mean": 12.310613632202148,
  "rmse_mean": 18.038150787353516,
  "mape_mean": 78.63996887207031,
  "pcc_mean": NaN,
  "rmse_global": 25.960975646972656,
  "pcc_global": 0.9415029223167175,
  "peak_intensity_error": [
    -4.943382263183594,
    -40.31708526611328,
    -14.35412883758545,
    -80.36769104003906,
    1.3800430297851562,
    8.627664826055953e-14,
    -25.017120361328125,
    -19.959392547607422,
    -26.447803497314453,
    1.6874847412109375,
    -61.71330261230469,
    -210.2120361328125,
    -18.695777893066406,
    29.996177673339844,
    -13.448020935058594,
    -14.15951919555664,
    12.648200988769531,
    7.757049560546875,
    -80.76390075683594,
    -10.055183410644531,
    -21.09766387939453
  ],
  "peak_week_error": [
    0.0,
    1.0,
    0.0,
    -1.0,
    0.0,
    32.0,
    -1.0,
    -1.0,
    2.0,
    1.0,
    0.0,
    0.0,
    1.0,
    -1.0,
    0.0,
    1.0,
    1.0,
    1.0,
    0.0,
    -8.0,
    0.0
  ],
  "n_weeks": 33.0,
  "n_regions": 21.0
}