{
  "model": "EpiGNN",
  "dataset": "us",
  "variant": "tuned",
  "n_seeds": 11,
  "seeds": [
    42,
    123,
    456,
    777,
    1,
    2,
    3,
    4,
    5,
    6,
    7
  ],
  "ensemble": {
    "mae_mean": 102.9350814819336,
    "rmse_mean": 172.21949768066406,
    "mape_mean": 49.112091064453125,
    "pcc_mean": 0.942635715007782,
    "rmse_global": 252.80453491210938,
    "pcc_global": 0.9683561325073242
  },
  "loo_std": {
    "mae_std": 7.17753645441396,
    "rmse_std": 10.768366033778861,
    "pcc_std": 0.0005983353909229623
  },
  "per_seed_mae": [
    67.16399383544922,
    313.01422119140625,
    76.15667724609375,
    194.51480102539062,
    90.71855163574219,
    71.41496276855469,
    113.79707336425781,
    94.30364990234375,
    131.89956665039062,
    146.21669006347656,
    85.23110961914062
  ],
  "per_seed_rmse": [
    114.6039810180664,
    505.997802734375,
    119.83503723144531,
    293.8565673828125,
    127.9356689453125,
    117.47923278808594,
    179.0506591796875,
    154.3787841796875,
    210.85968017578125,
    220.3698272705078,
    145.2757110595703
  ],
  "per_seed_pcc": [
    0.9320388436317444,
    0.06700839847326279,
    0.9252435564994812,
    0.7178018093109131,
    0.925628662109375,
    0.928223729133606,
    0.9305209517478943,
    0.9367220401763916,
    0.9327051043510437,
    0.9339726567268372,
    0.9334704279899597
  ]
}