{
  "best_val_loss": 1.0344135261915435e-6,
  "best_epoch": 138,
  "config": {
    "lr": 0.002809106147585133,
    "k": 4,
    "hidP": 4,
    "hidA": 128,
    "hidR": 64,
    "n_hidden": 64,
    "n_layer": 1,
    "n": 3,
    "dropout": 0.18928869484181193,
    "weight_decay": 0.0005817834637016439,
    "batch_size": 32,
    "res": 0,
    "s": 2,
    "hw": 1
  }
}
