{
  "best_val_loss": 0.014773697592318058,
  "best_epoch": 58,
  "config": {
    "lr": 0.005597547006573223,
    "k": 8,
    "hidP": 2,
    "hidA": 128,
    "hidR": 64,
    "n_hidden": 32,
    "n_layer": 2,
    "n": 3,
    "dropout": 0.4163182788888972,
    "weight_decay": 1.3846588079709234e-05,
    "batch_size": 64,
    "res": 0,
    "s": 3,
    "hw": 0
  }
}